2017-11-24T09:37:10.491Z,0,female,19
2017-11-24T13:04:20.434Z,1,female,25
2017-11-25T11:25:43.682Z,2,female,34
2017-11-25T13:11:57.067Z,3,male,36
2017-11-29T09:56:46.287Z,4,female,20
2017-11-29T10:22:00.940Z,5,male,24
2017-11-29T10:25:36.514Z,6,female,28
2017-11-29T12:06:03.140Z,7,female,29
2017-11-29T15:20:01.016Z,8,female,36
2017-11-29T15:40:11.925Z,10,male,30
2017-11-30T09:38:30.778Z,11,female,22
2017-11-30T10:05:03.480Z,12,male,21
2017-11-30T10:24:15.552Z,13,female,26
2017-11-30T11:01:01.553Z,14,female,24
2017-11-30T11:04:19.400Z,15,female,22
2017-11-30T12:26:35.109Z,16,female,25
2017-11-30T12:26:56.969Z,17,male,28
2017-11-30T12:44:01.491Z,18,male,27
2017-11-30T12:46:05.047Z,19,female,31
2017-12-01T09:39:20.120Z,20,male,19
2017-12-01T11:13:49.556Z,21,female,26
2017-12-01T11:53:10Z,22,female,27
2017-12-01T12:39:16.071Z,23,male,22
2017-12-01T12:42:18.667Z,24,female,27
2017-12-01T13:12:00.992Z,25,female,30
2017-12-01T14:31:04.921Z,26,male,21
2017-12-01T14:31:21.419Z,27,female,26
2017-12-04T09:19:49.015Z,28,male,28
2017-12-04T09:52:30.872Z,29,male,26
2017-12-04T11:15:55.855Z,30,male,25
2017-12-04T12:25:26.185Z,31,male,24
2017-12-04T12:31:27.406Z,32,male,26
2017-12-04T15:42:27.644Z,33,female,31
2017-12-04T16:11:27.796Z,34,female,26
2017-12-05T11:21:34.551Z,35,male,21
2017-12-05T11:28:41.102Z,36,female,31
2017-12-05T11:33:08.217Z,37,male,27
2017-12-05T12:54:09.011Z,38,male,18
2017-12-08T13:58:08.281Z,39,female,22
2017-12-11T09:32:10.502Z,40,male,29
2017-12-11T09:32:49.336Z,41,male,21
2017-12-11T09:35:12.893Z,42,male,19
2017-12-11T09:38:01.674Z,43,male,23
2017-12-11T11:36:16.008Z,44,female,24
2017-12-11T13:55:53.485Z,45,female,31
2017-12-11T14:15:28.119Z,46,male,28
2017-12-12T09:03:31.323Z,47,female,25
2017-12-12T09:09:12.049Z,48,female,30
2017-12-13T11:15:25.079Z,49,male,29
2017-12-13T15:05:00.416Z,50,female,32
2017-12-14T11:29:52.670Z,51,female,30
